web_name,team,element_type,form,now_cost,selected_by_percent,event_points,total_points,ict_index,influence,creativity,threat,transfers_in,transfers_out,bonus
Balogun,Arsenal,FWD,0.0,44,0.2,0,0,0.0,0.0,0.0,0.0,10024,62443,0
Cédric,Arsenal,DEF,0.0,39,0.4,0,0,0.0,0.0,0.0,0.0,35274,42568,0
M.Elneny,Arsenal,MID,0.0,44,0.1,0,4,0.4,1.8,0.5,2.0,12814,19024,0
Fábio Vieira,Arsenal,MID,0.0,54,0.1,0,21,21.9,79.4,63.6,77.0,11478,18593,0
Gabriel,Arsenal,DEF,7.2,50,18.2,17,75,60.3,368.0,75.9,158.0,1571870,2629704,6
Havertz,Arsenal,MID,1.5,71,1.6,3,55,73.2,225.2,224.3,282.0,94268,397682,0
Holding,Crystal Palace,DEF,0.0,43,0.1,0,0,0.0,0.0,0.0,0.0,5389,15244,0
G.Jesus,Arsenal,FWD,2.2,80,4.3,5,53,104.3,242.4,280.8,520.0,983377,880555,8
Jorginho,Arsenal,MID,1.0,53,0.2,4,19,16.4,71.8,82.2,10.0,9150,18932,0
Kiwior,Arsenal,DEF,0.5,43,0.1,1,14,8.6,53.6,13.3,18.0,5366,9720,0
Marquinhos,Arsenal,MID,0.0,45,0.0,0,0,0.0,0.0,0.0,0.0,819,11773,0
Martinelli,Arsenal,MID,5.8,77,5.6,14,71,127.0,311.8,460.0,504.0,983951,1836924,3
Nketiah,Arsenal,FWD,1.8,53,4.2,4,64,69.1,226.8,122.2,352.0,1550194,1562822,5
Ødegaard,Arsenal,MID,3.8,85,17.3,3,86,151.8,417.2,707.5,394.0,1851039,2535196,12
Thomas,Arsenal,MID,0.0,48,0.1,0,7,13.1,55.8,60.0,15.0,8587,37290,0
Pepe,Arsenal,MID,0.0,49,0.0,0,0,0.0,0.0,0.0,0.0,667,6383,0
Ramsdale,Arsenal,GK,0.0,46,6.1,0,17,5.6,55.8,0.0,0.0,264400,1447331,0
Rúnarsson,Arsenal,GK,0.0,40,0.1,0,0,0.0,0.0,0.0,0.0,990,11078,0
Saka,Arsenal,MID,3.2,91,62.4,3,110,207.6,571.8,807.9,694.0,4551126,4094262,11
Saliba,Arsenal,DEF,2.2,56,37.4,6,81,54.0,384.4,89.6,65.0,3539647,1841504,6
Sambi,Luton,MID,3.3,49,0.0,2,17,14.8,71.6,51.0,26.0,2045,2866,1
Smith Rowe,Arsenal,MID,0.5,53,0.1,1,12,12.9,44.8,20.7,65.0,5223,16463,0
Tavares,Nott'm Forest,DEF,0.3,40,0.3,1,1,4.6,22.4,13.5,10.0,24729,33009,0
Tierney,Arsenal,DEF,0.0,44,0.1,0,0,0.0,0.0,0.0,0.0,2665,28579,0
Tomiyasu,Arsenal,DEF,0.2,45,0.3,0,39,26.2,139.6,67.8,57.0,79465,87764,3
Trossard,Arsenal,MID,3.0,65,1.7,8,55,74.9,215.6,208.8,326.0,298348,684646,6
Trusty,Sheffield Utd,DEF,1.0,39,2.3,1,19,34.3,255.0,34.0,54.0,290953,167300,0
Turner,Nott'm Forest,GK,2.3,39,12.2,1,41,36.4,365.0,0.0,0.0,1135427,1210493,0
White,Arsenal,DEF,2.2,56,11.0,6,75,75.6,361.2,288.3,107.0,1423051,1306847,7
Xhaka,Arsenal,MID,0.0,60,0.0,0,0,0.0,0.0,0.0,0.0,0,1218,0
Zinchenko,Arsenal,DEF,2.2,52,10.4,6,77,75.3,296.4,334.2,123.0,1461752,1117026,11
Alex Moreno,Aston Villa,DEF,2.7,50,1.5,7,22,29.4,107.4,88.1,99.0,210129,70379,3
Archer,Sheffield Utd,FWD,2.3,44,7.0,1,57,65.6,195.2,227.9,233.0,1363894,1237555,8
Bailey,Aston Villa,MID,4.3,57,3.9,3,77,95.4,347.8,279.2,328.0,711643,411711,5
Buendia,Aston Villa,MID,0.0,57,0.0,0,0,0.0,0.0,0.0,0.0,747,17096,0
Cash,Aston Villa,DEF,0.3,47,17.0,1,51,75.3,300.4,161.4,291.0,3747890,2879358,4
Chambers,Aston Villa,DEF,0.0,39,0.9,0,0,0.0,0.0,0.0,0.0,50421,97554,0
Coutinho,Aston Villa,MID,0.0,58,0.2,0,2,1.8,4.0,2.8,12.0,4781,47663,0
Davis,Aston Villa,FWD,0.0,49,0.1,0,0,0.0,0.0,0.0,0.0,4950,23083,0
Dendoncker,Aston Villa,MID,4.7,49,0.0,0,20,10.0,59.2,3.9,37.0,3870,3948,3
Diego Carlos,Aston Villa,DEF,2.0,44,0.7,5,31,29.6,191.6,41.9,63.0,85828,68933,1
Digne,Aston Villa,DEF,0.3,46,3.1,0,56,86.8,278.2,467.3,122.0,985256,832159,2
Douglas Luiz,Aston Villa,MID,5.0,56,10.1,3,97,120.9,491.4,472.8,244.0,2090781,1345651,18
Duran,Aston Villa,FWD,2.0,50,0.2,1,24,20.8,81.2,30.5,103.0,50698,46534,3
Hause,Aston Villa,DEF,0.0,39,0.2,0,0,0.0,0.0,0.0,0.0,13089,18858,0
Iroegbunam,Aston Villa,MID,0.3,44,0.0,0,1,0.0,0.0,0.6,0.0,1539,3785,0
Kamara,Aston Villa,MID,1.0,50,0.1,3,34,55.1,231.4,279.7,38.0,14551,18177,1
Konsa,Aston Villa,DEF,2.0,46,3.2,6,57,56.9,341.8,103.6,122.0,388659,175369,4
Martinez,Aston Villa,GK,4.0,52,12.3,9,70,50.8,487.6,20.0,0.0,1153200,744946,12
McGinn,Aston Villa,MID,3.7,56,1.9,3,81,112.8,414.8,457.8,253.0,299926,170735,8
Mings,Aston Villa,DEF,0.0,41,1.2,0,0,2.2,3.6,13.0,5.0,10262,1069349,0
Nakamba,Luton,MID,0.0,44,0.6,0,21,26.5,146.4,102.8,14.0,178214,242101,0
Olsen,Aston Villa,GK,0.0,39,0.6,0,2,1.2,12.0,0.0,0.0,25495,54964,0
Philogene,Aston Villa,MID,0.0,45,0.1,0,1,0.3,0.4,0.3,2.0,3755,14500,0
J.Ramsey,Aston Villa,MID,0.7,59,0.1,0,17,26.8,78.4,84.1,104.0,16624,21397,0
Sanson,Aston Villa,MID,0.0,45,0.0,0,0,0.0,0.0,0.0,0.0,0,615,0
Sinisalo,Aston Villa,GK,0.0,40,0.0,0,0,0.0,0.0,0.0,0.0,0,370,0
Tielemans,Aston Villa,MID,0.0,56,0.4,0,29,27.3,122.0,108.4,42.0,22813,97999,0
Bertrand Traoré,Aston Villa,MID,0.0,50,0.0,0,2,0.3,3.0,0.0,0.0,1452,3382,0
Watkins,Aston Villa,FWD,3.7,89,55.8,1,121,172.7,537.2,385.5,804.0,6284966,3051921,14
Wesley,Aston Villa,FWD,0.0,50,0.0,0,0,0.0,0.0,0.0,0.0,0,781,0
Anthony,Bournemouth,MID,0.0,49,0.0,0,3,3.0,9.0,4.6,16.0,1618,12757,0
Billing,Bournemouth,MID,1.0,52,0.4,1,51,72.8,267.2,243.9,217.0,63950,103790,3
Brooks,Bournemouth,MID,2.0,47,0.1,1,23,31.4,88.2,112.4,113.0,9382,14443,2
Christie,Bournemouth,MID,2.3,50,0.1,2,49,86.7,290.0,349.2,225.0,19951,16790,3
L.Cook,Bournemouth,MID,1.0,50,0.0,1,31,53.8,219.6,297.4,20.0,2664,4030,2
Siriki,Bournemouth,MID,0.0,45,0.0,0,0,0.0,0.0,0.0,0.0,0,391,0
Fredericks,Bournemouth,DEF,0.0,43,0.0,0,0,0.0,0.0,0.0,0.0,747,2368,0
Hill,Bournemouth,DEF,0.3,40,0.1,1,2,2.5,22.2,2.2,0.0,6669,21868,0
Kelly,Bournemouth,DEF,0.0,45,0.0,0,20,20.2,125.6,69.0,8.0,10957,11555,3
Kilkenny,Bournemouth,MID,0.0,43,0.1,0,0,0.0,0.0,0.0,0.0,8073,10030,0
Kluivert,Bournemouth,MID,3.7,46,0.4,2,41,51.6,135.6,164.7,215.0,59709,71254,2
Lowe,Bournemouth,MID,0.0,49,0.0,0,0,0.0,0.0,0.0,0.0,81,1260,0
Marcondes,Bournemouth,MID,0.0,43,0.0,0,0,0.0,0.0,0.0,0.0,9456,9523,0
Mepham,Bournemouth,DEF,0.0,43,0.1,0,4,8.7,50.4,13.0,23.0,2254,6835,0
Moore,Bournemouth,FWD,0.3,46,0.2,1,14,14.1,37.4,27.9,81.0,19751,48357,2
Neto,Bournemouth,GK,4.0,46,3.5,1,70,49.9,498.4,0.0,0.0,501490,253544,10
O.Dango,Bournemouth,MID,1.3,47,0.0,0,16,30.8,92.2,89.3,124.0,1147,5219,0
Pearson,Bournemouth,MID,0.0,45,0.0,0,0,0.0,0.0,0.0,0.0,0,109,0
Randolph,Bournemouth,GK,0.0,40,0.4,0,0,0.0,0.0,0.0,0.0,8597,27678,0
Rothwell,Bournemouth,MID,0.0,48,0.0,0,13,11.6,45.8,63.9,5.0,836,1845,0
Semenyo,Bournemouth,FWD,2.0,45,2.1,0,47,67.2,198.6,152.4,322.0,698297,614082,4
Senesi,Bournemouth,DEF,2.0,45,3.2,0,56,61.6,408.0,144.3,61.0,646275,338307,7
Smith,Bournemouth,DEF,2.3,44,0.1,0,33,29.8,167.0,127.2,2.0,21367,11338,0
Solanke,Bournemouth,FWD,3.3,71,27.5,2,100,152.7,519.8,187.7,819.0,3580108,1030571,10
Tavernier,Bournemouth,MID,3.7,54,0.7,2,62,100.1,325.4,378.0,298.0,183596,116214,5
Hamed Traorè,Bournemouth,MID,0.0,47,0.0,0,3,5.7,12.8,14.8,30.0,619,2109,0
Travers,Bournemouth,GK,0.0,40,0.1,0,0,0.0,0.0,0.0,0.0,550,9317,0
Zabarnyi,Bournemouth,DEF,2.7,44,0.2,0,42,41.9,351.0,42.5,26.0,35554,28321,1
Ajer,Brentford,DEF,0.3,44,0.2,1,23,32.9,128.0,94.7,107.0,42490,54789,1
Balcombe,Brentford,GK,0.0,39,0.2,0,0,0.0,0.0,0.0,0.0,9576,15578,0
Baptiste,Brentford,MID,0.3,43,0.9,1,13,13.1,65.6,25.4,41.0,108454,312597,0
Bech,Brentford,DEF,0.0,40,0.1,0,0,0.0,0.0,0.0,0.0,2309,15508,0
Bidstrup,Brentford,MID,0.0,45,0.0,0,0,0.0,0.0,0.0,0.0,0,133,0
Canós,Brentford,MID,0.0,50,0.0,0,0,0.0,0.0,0.0,0.0,292,3816,0
Collins,Brentford,DEF,0.7,45,0.4,1,42,49.5,326.2,53.0,114.0,108267,104611,3
Cox,Brentford,GK,0.0,40,0.0,0,0,0.0,0.0,0.0,0.0,0,526,0
Damsgaard,Brentford,MID,2.3,48,0.0,5,14,16.4,49.6,67.0,47.0,1855,10304,0
Dasilva,Brentford,MID,0.3,47,0.0,1,2,0.9,1.2,0.3,8.0,985,10613,0
Dervişoğlu,Brentford,FWD,0.0,45,0.0,0,0,0.0,0.0,0.0,0.0,0,819,0
Flekken,Brentford,GK,1.0,45,2.5,1,49,38.9,389.0,0.0,0.0,467977,416812,1
Goode,Brentford,DEF,0.0,39,0.2,0,0,0.0,0.0,0.0,0.0,21241,18598,0
Henry,Brentford,DEF,0.0,43,0.9,0,13,15.7,72.8,67.9,17.0,560007,728561,0
Hickey,Brentford,DEF,0.0,44,0.1,0,17,12.9,66.6,28.4,37.0,23290,42220,0
Janelt,Brentford,MID,2.0,53,0.1,2,47,79.6,256.8,348.8,190.0,10703,13474,1
Jensen,Brentford,MID,2.7,54,0.8,5,66,76.5,304.2,364.3,98.0,449576,465041,8
Lewis-Potter,Brentford,MID,3.7,47,0.1,2,36,47.4,134.2,81.6,260.0,13803,7866,1
Mbeumo,Brentford,MID,0.0,68,6.6,0,87,122.1,384.2,397.6,440.0,4623966,5019655,9
Mee,Brentford,DEF,2.3,48,1.5,7,29,39.7,218.8,80.2,98.0,191238,635544,3
Nørgaard,Brentford,MID,1.0,54,0.1,0,42,77.1,308.8,249.8,210.0,20407,26543,2
Onyeka,Brentford,MID,0.3,49,0.0,0,20,36.1,138.4,122.7,101.0,2689,3054,0
Pinnock,Brentford,DEF,0.7,46,3.4,1,51,71.5,475.4,58.6,178.0,570832,434777,5
Raya,Arsenal,GK,4.2,49,6.3,8,63,24.4,244.6,0.0,0.0,788704,680546,3
Roerslev,Brentford,DEF,3.0,44,0.1,4,28,34.0,176.8,142.0,19.0,8307,9275,0
Schade,Brentford,MID,0.0,52,0.1,0,19,15.1,48.2,42.0,62.0,18637,26114,2
Strakosha,Brentford,GK,0.0,39,1.9,0,4,4.3,42.8,0.0,0.0,273416,138426,0
Toney,Brentford,FWD,2.7,80,3.7,8,8,9.5,51.2,30.3,13.0,415923,53900,3
Trevitt,Brentford,MID,0.0,45,0.0,0,0,0.0,0.0,0.0,0.0,236,1914,0
Wissa,Brentford,FWD,3.0,57,4.8,0,65,90.4,248.6,201.5,461.0,2016400,2194551,8
Yarmoliuk,Brentford,MID,1.0,43,0.6,1,15,15.3,48.6,37.5,67.0,56765,83017,0
Zanka,Brentford,DEF,0.3,43,0.1,0,4,5.9,39.4,19.3,0.0,2377,6352,0
Adingra,Brighton,MID,0.0,50,0.4,0,56,89.2,276.8,271.9,345.0,247949,240066,6
Alzate,Brighton,MID,0.0,44,0.0,0,0,0.0,0.0,0.0,0.0,2752,13275,0
Ayari,Brighton,MID,0.0,45,0.0,0,0,0.0,0.0,0.0,0.0,483,5021,0
Buonanotte,Brighton,MID,1.0,47,0.0,0,20,30.6,92.4,132.1,81.0,5697,7748,1
Caicedo,Chelsea,MID,1.5,45,1.2,3,34,44.0,233.2,184.1,27.0,107907,312570,0
Connolly,Brighton,FWD,0.0,45,0.0,0,0,0.0,0.0,0.0,0.0,0,3862,0
Dahoud,Brighton,MID,0.0,48,0.1,0,14,21.7,70.4,127.2,24.0,8497,18671,0
Dunk,Brighton,DEF,0.0,50,2.8,0,23,66.4,369.2,96.8,198.0,376021,553890,1
Enciso,Brighton,MID,0.0,50,0.4,0,8,9.4,39.0,25.0,30.0,46654,385691,0
Estupiñan,Brighton,DEF,4.0,51,26.3,0,37,55.5,232.2,206.1,117.0,3254862,5675405,5
Ferguson,Brighton,FWD,1.7,59,5.2,0,57,64.2,255.8,78.1,309.0,1285297,1450982,5
Gilmour,Brighton,MID,1.7,49,0.3,0,44,62.5,194.6,347.4,83.0,84937,71923,4
Gross,Brighton,MID,1.7,65,6.6,0,82,162.6,539.4,789.7,296.0,906938,626877,15
João Pedro,Brighton,FWD,6.0,55,13.7,0,71,123.4,413.2,271.9,548.0,1896675,2841604,9
Karbownik,Brighton,DEF,0.0,40,0.0,0,0,0.0,0.0,0.0,0.0,0,2357,0
Kozłowski,Brighton,MID,0.0,45,0.0,0,0,0.0,0.0,0.0,0.0,0,130,0
Lallana,Brighton,MID,0.7,49,0.0,0,18,27.6,54.0,146.2,76.0,4799,8540,0
Lamptey,Brighton,DEF,0.0,39,3.8,0,9,8.2,44.0,31.1,7.0,676058,997799,0
March,Brighton,MID,0.0,61,2.2,0,39,46.4,197.4,126.5,139.0,1021653,1237743,6
McGill,Brighton,GK,0.0,39,0.3,0,0,0.0,0.0,0.0,0.0,19654,19701,0
Milner,Brighton,MID,3.0,48,0.1,0,24,42.6,144.0,235.2,46.0,8655,22421,0
Mitoma,Brighton,MID,0.0,64,14.3,0,63,118.9,294.2,346.3,547.0,2897383,5271465,7
Moder,Brighton,MID,0.3,44,0.1,0,4,4.4,13.0,24.2,6.0,7070,10273,0
Sanchez,Chelsea,GK,0.0,46,3.5,0,59,45.2,450.6,0.1,0.0,996449,1014052,7
Sarmiento,Brighton,MID,0.0,45,0.0,0,0,0.0,0.0,0.0,0.0,0,1567,0
Scherpen,Brighton,GK,0.0,40,0.0,0,0,0.0,0.0,0.0,0.0,0,33,0
Steele,Brighton,GK,3.0,42,2.0,0,27,23.7,236.8,0.1,0.0,151226,489338,2
Undav,Brighton,FWD,0.0,55,0.0,0,0,0.0,0.0,0.0,0.0,0,4458,0
Van Hecke,Brighton,DEF,3.0,40,2.2,0,29,48.9,344.8,64.7,78.0,312506,228001,3
Veltman,Brighton,DEF,0.0,43,0.5,0,20,28.5,180.4,55.3,49.0,98661,163786,0
Verbruggen,Brighton,GK,0.0,44,0.4,0,20,23.3,232.6,0.0,0.0,36108,50480,2
Webster,Brighton,DEF,2.0,42,0.2,0,11,18.0,125.4,30.4,23.0,17726,35240,0
Welbeck,Brighton,FWD,2.3,57,0.7,0,31,40.4,121.4,103.1,179.0,89137,263846,4
Zeqiri,Brighton,FWD,0.0,44,0.5,0,0,0.0,0.0,0.0,0.0,25876,102592,0
Agyei,Burnley,MID,0.0,42,0.2,0,0,0.0,0.0,0.0,0.0,33932,35641,0
Al-Dakhil,Burnley,DEF,0.7,38,0.8,2,12,23.5,146.2,41.9,47.0,135564,109425,0
Bastien,Burnley,MID,0.0,49,0.0,0,0,0.0,0.0,0.0,0.0,326,2662,0
Benson,Burnley,MID,0.0,52,0.1,0,4,4.0,8.0,9.1,22.0,2131,15831,0
Beyer,Burnley,DEF,0.7,40,1.4,0,30,41.3,330.8,46.1,35.0,100626,387267,4
Brownhill,Burnley,MID,2.0,47,0.3,2,52,72.6,307.4,278.2,138.0,59250,62077,0
Churlinov,Burnley,MID,0.0,44,0.0,0,0,0.0,0.0,0.0,0.0,1358,3763,0
Cork,Burnley,MID,0.3,48,0.0,1,2,0.6,3.0,1.1,2.0,753,2730,0
Costelloe,Burnley,MID,0.0,45,0.0,0,0,0.0,0.0,0.0,0.0,101,2900,0
Cullen,Burnley,MID,0.7,50,0.1,2,20,31.6,158.0,137.8,20.0,7380,10603,0
Egan-Riley,Burnley,DEF,0.0,39,0.2,0,0,0.0,0.0,0.0,0.0,22958,21865,0
Ekdal,Burnley,DEF,0.7,39,0.1,2,5,4.2,23.8,12.8,6.0,9552,21417,0
Foster,Burnley,FWD,3.3,48,0.5,2,49,61.2,253.2,138.8,220.0,270194,264126,4
Franchi,Burnley,GK,0.0,39,0.1,0,0,0.0,0.0,0.0,0.0,10361,13303,0
Gudmundsson,Burnley,MID,3.0,48,0.0,3,27,61.1,141.0,371.3,97.0,3667,6317,0
McNally,Burnley,DEF,0.0,40,0.0,0,0,0.0,0.0,0.0,0.0,0,1745,0
Muric,Burnley,GK,0.0,43,0.1,0,0,0.0,0.0,0.0,0.0,2045,17652,0
O'Shea,Burnley,DEF,2.0,44,0.3,2,33,59.0,369.2,108.3,110.0,24915,23749,1
Obafemi,Burnley,FWD,0.0,49,0.0,0,2,1.7,0.0,0.6,17.0,3459,6402,0
Peacock-Farrell,Burnley,GK,0.0,40,0.0,0,0,0.0,0.0,0.0,0.0,0,1036,0
Roberts,Burnley,DEF,0.7,43,0.2,1,12,25.3,142.8,103.3,8.0,14931,30837,0
Rodriguez,Burnley,FWD,0.0,53,0.3,0,33,38.0,129.8,50.7,206.0,51258,58951,3
Taylor,Burnley,DEF,0.3,40,4.9,0,34,43.4,274.8,126.9,30.0,809069,408376,1
Thomas,Burnley,DEF,0.0,40,0.0,0,0,0.0,0.0,0.0,0.0,0,1356,0
Twine,Burnley,MID,0.0,49,0.0,0,0,0.0,0.0,0.0,0.0,119,2679,0
Vigouroux,Burnley,GK,0.0,39,0.3,0,0,0.0,0.0,0.0,0.0,17060,15193,0
Vitinho,Burnley,DEF,1.3,44,0.2,2,28,26.1,128.0,81.2,52.0,11450,15566,0
Weghorst,Burnley,FWD,0.0,55,0.0,0,0,0.0,0.0,0.0,0.0,0,14938,0
Zaroury,Burnley,MID,0.0,47,0.0,0,3,4.8,3.8,31.6,19.0,1894,12352,0
Ampadu,Chelsea,DEF,0.0,40,0.0,0,0,0.0,0.0,0.0,0.0,0,902,0
Andrey,Chelsea,MID,0.0,43,0.1,0,1,0.2,0.0,0.5,3.0,14728,20822,0
Arrizabalaga,Chelsea,GK,0.0,50,0.2,0,0,0.0,0.0,0.0,0.0,1775,84630,0
Aubameyang,Chelsea,FWD,0.0,65,0.0,0,0,0.0,0.0,0.0,0.0,0,1991,0
Azpilicueta,Chelsea,DEF,0.0,45,0.0,0,0,0.0,0.0,0.0,0.0,0,99,0
Baba,Chelsea,DEF,0.0,40,0.0,0,0,0.0,0.0,0.0,0.0,0,286,0
B.Badiashile,Chelsea,DEF,0.8,44,0.1,0,17,18.5,123.8,36.5,25.0,21595,16137,4
Bettinelli,Chelsea,GK,-0.2,40,0.0,0,-1,0.0,0.0,0.0,0.0,1963,2495,0
Broja,Chelsea,FWD,1.5,49,0.2,2,24,25.2,57.6,58.2,144.0,81668,71250,0
Chalobah,Chelsea,DEF,0.0,43,0.0,0,0,0.0,0.0,0.0,0.0,823,17035,0
Chilwell,Chelsea,DEF,0.2,54,4.9,1,16,29.8,59.2,151.3,88.0,2131677,3162010,2
Chukwuemeka,Chelsea,MID,0.2,42,1.0,1,7,10.1,36.8,25.1,39.0,263499,444301,0
Colwill,Chelsea,DEF,2.8,47,7.0,7,61,60.7,331.8,111.0,163.0,1164700,756964,4
Cucurella,Chelsea,DEF,0.0,48,0.4,0,10,29.9,148.4,92.3,58.0,54908,85127,0
Enzo,Chelsea,MID,0.8,48,2.2,2,47,88.4,285.2,329.8,270.0,349266,560249,3
D.D.Fofana,Burnley,FWD,0.0,50,0.0,0,0,0.0,0.0,0.0,0.0,159,393,0
W.Fofana,Chelsea,DEF,0.0,44,0.0,0,0,0.0,0.0,0.0,0.0,782,3282,0
Gallagher,Chelsea,MID,1.8,54,0.5,3,56,97.9,349.2,440.9,193.0,88048,96465,4
Gusto,Chelsea,DEF,3.5,42,7.5,5,39,40.5,174.6,176.3,54.0,2202633,1625845,5
Hall,Newcastle,DEF,1.0,43,0.1,1,7,5.0,29.2,4.4,17.0,18762,28726,0
Hudson-Odoi,Nott'm Forest,MID,2.7,47,0.1,5,31,35.5,115.6,160.6,78.0,41156,41234,3
James,Chelsea,DEF,0.0,53,3.0,0,9,33.2,115.2,156.9,59.0,507378,1747060,0
Lukaku,Chelsea,FWD,0.0,68,0.3,0,0,0.0,0.0,0.0,0.0,9006,61567,0
Madueke,Chelsea,MID,3.8,53,0.2,1,22,31.3,108.2,85.7,120.0,21734,19144,1
Mount,Man Utd,MID,0.0,68,0.8,0,12,18.0,53.0,86.3,40.0,24886,282866,0
Mudryk,Chelsea,MID,2.2,63,1.0,0,54,58.3,189.4,214.6,181.0,150986,332960,4
N.Jackson,Chelsea,FWD,2.0,69,4.5,0,66,124.2,384.6,244.2,617.0,1631482,2713255,5
Nkunku,Chelsea,FWD,2.5,74,2.0,0,10,13.0,38.2,22.8,72.0,435863,399777,2
Pulisic,Chelsea,MID,0.0,55,0.0,0,0,0.0,0.0,0.0,0.0,0,404,0
M.Sarr,Chelsea,DEF,0.0,43,0.1,0,0,0.0,0.0,0.0,0.0,4745,9576,0
Slonina,Chelsea,GK,0.0,40,0.0,0,0,0.0,0.0,0.0,0.0,0,4140,0
Sterling,Chelsea,MID,2.5,71,8.3,6,87,125.5,345.0,361.7,549.0,3032526,2546002,6
T.Silva,Chelsea,DEF,2.0,50,4.0,5,56,64.8,476.0,91.7,78.0,398265,339816,5
Ziyech,Chelsea,MID,0.0,54,0.1,0,0,0.0,0.0,0.0,0.0,1010,16424,0
Ahamada,Crystal Palace,MID,0.3,43,0.6,1,10,4.3,15.2,17.9,9.0,163765,134200,0
Andersen,Crystal Palace,DEF,1.0,49,16.2,0,69,93.9,541.8,194.0,203.0,3003264,1635148,9
J.Ayew,Crystal Palace,MID,3.3,54,0.3,0,60,94.8,313.2,255.4,380.0,100714,112990,0
Clyne,Crystal Palace,DEF,1.3,44,0.1,1,18,14.4,96.0,33.8,13.0,8247,12472,0
C.Doucouré,Crystal Palace,MID,0.0,49,0.1,0,21,34.2,165.8,138.5,36.0,11511,14891,0
Ebiowei,Crystal Palace,MID,0.0,44,0.0,0,0,0.0,0.0,0.0,0.0,2194,5992,0
Edouard,Crystal Palace,FWD,0.0,54,1.6,0,59,96.6,295.0,183.6,485.0,978280,1051421,9
Eze,Crystal Palace,MID,4.3,60,3.2,2,51,108.6,294.4,447.6,343.0,642575,1859035,3
Guaita,Crystal Palace,GK,0.0,44,0.2,0,0,0.0,0.0,0.0,0.0,2528,70247,0
Guéhi,Crystal Palace,DEF,2.3,44,3.4,1,57,48.7,384.6,66.2,35.0,637223,479690,6
Hughes,Crystal Palace,MID,1.0,49,0.0,2,28,42.6,172.6,214.5,40.0,2070,2102,0
Johnstone,Crystal Palace,GK,0.0,45,2.4,0,56,25.6,254.4,0.0,0.0,704444,692058,7
Lerma,Crystal Palace,MID,2.0,47,0.1,2,38,65.3,206.0,248.1,199.0,10774,37575,3
Mateta,Crystal Palace,FWD,2.0,49,0.7,2,50,61.5,196.6,212.0,206.0,186146,159060,5
Matthews,Crystal Palace,GK,0.0,39,0.1,0,1,0.1,1.0,0.0,0.0,6407,8774,0
Mitchell,Crystal Palace,DEF,2.0,46,3.5,0,62,61.6,368.4,188.5,58.0,989000,705796,6
O'Brien,Crystal Palace,DEF,0.0,40,0.0,0,0,0.0,0.0,0.0,0.0,415,10299,0
Olise,Crystal Palace,MID,8.0,59,1.4,0,55,90.2,304.6,321.6,274.0,265903,144172,11
Plange,Crystal Palace,FWD,0.0,45,0.0,0,0,0.0,0.0,0.0,0.0,0,1546,0
C.Richards,Crystal Palace,DEF,0.7,39,0.6,0,12,19.5,150.0,30.4,14.0,66744,55816,0
Riedewald,Crystal Palace,MID,0.0,43,0.1,0,7,2.2,9.4,5.0,8.0,8094,9730,0
Schlupp,Crystal Palace,MID,1.3,49,0.1,2,45,55.8,195.2,182.0,183.0,16780,24671,1
Tomkins,Crystal Palace,DEF,0.0,40,0.4,0,1,0.2,1.6,0.1,0.0,21293,68350,0
Ward,Crystal Palace,DEF,0.0,45,0.2,0,36,31.9,219.6,69.4,31.0,33545,43248,0
Whitworth,Crystal Palace,GK,0.0,39,1.0,0,0,0.0,0.0,0.0,0.0,24108,51806,0
André Gomes,Everton,MID,0.7,44,0.1,0,9,10.6,36.8,46.0,25.0,10591,25959,0
Branthwaite,Everton,DEF,2.3,41,3.3,6,51,43.9,335.0,43.3,61.0,499492,203138,5
Calvert-Lewin,Everton,FWD,1.7,58,0.9,2,47,74.6,160.8,135.3,461.0,350621,354508,3
Coleman,Everton,DEF,2.3,44,0.0,6,13,4.7,41.2,2.8,2.0,2599,5790,0
Dele,Everton,MID,0.0,48,0.0,0,0,0.0,0.0,0.0,0.0,730,3569,0
A.Doucoure,Everton,MID,1.0,55,0.7,3,79,111.2,347.2,305.8,456.0,383780,353707,7
Garner,Everton,MID,2.3,49,0.1,3,52,88.3,335.2,384.8,163.0,28704,25318,2
Gbamin,Everton,MID,0.0,44,0.0,0,0,0.0,0.0,0.0,0.0,330,2467,0
Godfrey,Everton,DEF,0.0,43,0.1,0,7,1.0,9.6,0.8,0.0,5531,13170,0
Gray,Everton,MID,0.0,53,0.1,0,0,0.0,0.0,0.0,0.0,1890,30914,0
Gana,Everton,MID,0.0,48,0.0,0,26,38.2,158.6,139.3,84.0,3372,6177,2
Holgate,Everton,DEF,0.0,40,0.4,0,0,0.0,0.0,0.0,0.0,4656,136194,0
Iwobi,Fulham,MID,1.3,53,0.5,0,53,88.3,262.8,316.9,302.0,137732,171325,3
Keane,Everton,DEF,0.7,43,0.2,0,18,20.0,106.0,4.0,90.0,15668,24521,2
Maupay,Brentford,FWD,4.0,49,1.0,6,47,75.8,202.4,155.3,403.0,186419,214378,4
McNeil,Everton,MID,2.3,54,0.5,1,63,98.9,325.0,429.9,234.0,102825,67395,3
Mykolenko,Everton,DEF,2.7,46,5.7,6,71,62.5,354.6,102.3,169.0,878238,329098,7
Onana,Everton,MID,2.3,47,0.2,3,42,54.6,190.0,176.0,178.0,19449,30485,3
Patterson,Everton,DEF,0.0,44,0.2,0,33,35.2,195.2,131.5,24.0,22907,29980,3
Pickford,Everton,GK,4.3,45,9.5,9,77,51.7,476.6,40.3,0.0,649899,1114291,8
Simms,Everton,FWD,0.0,45,0.0,0,0,0.0,0.0,0.0,0.0,0,3618,0
Tarkowski,Everton,DEF,2.0,45,5.8,5,71,82.1,480.8,143.6,194.0,840480,456671,6
J.Virginia,Everton,GK,0.0,39,0.5,0,0,0.0,0.0,0.0,0.0,49632,56737,0
Andreas,Fulham,MID,1.3,53,1.0,2,67,98.5,249.8,585.6,149.0,246558,257604,3
Cairney,Fulham,MID,3.3,49,0.1,2,50,47.6,197.2,170.6,107.0,11761,7431,2
I.Cavaleiro,Fulham,MID,0.0,50,0.0,0,0,0.0,0.0,0.0,0.0,0,1004,0
De Cordova-Reid,Fulham,MID,4.3,53,0.1,1,54,50.1,194.8,109.3,202.0,29317,31609,5
Diop,Fulham,DEF,1.0,44,0.4,2,27,24.4,197.0,17.6,29.0,86453,112553,2
Francois,Fulham,MID,0.0,44,0.0,0,0,0.0,0.0,0.0,0.0,2280,3759,0
Knockaert,Fulham,MID,0.0,44,0.0,0,0,0.0,0.0,0.0,0.0,941,7977,0
Kongolo,Fulham,DEF,0.0,40,0.1,0,0,0.0,0.0,0.0,0.0,1162,10660,0
Leno,Fulham,GK,1.0,48,16.1,2,73,63.2,633.4,0.1,0.0,1697244,944117,10
Lukić,Fulham,MID,0.7,43,0.3,1,16,13.0,52.6,50.2,30.0,69026,84543,0
Mbabu,Fulham,DEF,0.0,40,0.2,0,0,0.0,0.0,0.0,0.0,4952,42170,0
Mitrović,Fulham,FWD,0.0,74,0.7,0,1,3.3,6.4,0.3,26.0,15553,356307,0
Muniz,Fulham,FWD,1.0,44,0.4,1,11,20.4,23.6,68.3,117.0,73614,88474,0
J.Palhinha,Fulham,MID,2.0,50,0.3,2,50,62.8,371.8,112.1,145.0,78335,71294,6
Ream,Fulham,DEF,0.0,45,0.7,0,34,29.2,231.4,15.9,45.0,271217,273400,4
Reed,Fulham,MID,0.3,45,0.3,0,29,27.3,119.6,137.7,16.0,35110,94609,0
Robinson,Fulham,DEF,1.7,44,1.3,2,47,82.9,432.0,306.2,90.0,183184,120071,3
Rodák,Fulham,GK,0.0,39,0.4,0,-1,0.0,0.0,0.0,0.0,18405,26123,0
Tete,Fulham,DEF,1.0,44,0.3,2,22,28.5,161.8,67.3,56.0,27950,63303,0
Tosin,Fulham,DEF,1.7,43,0.2,2,29,27.2,213.4,17.3,41.0,35741,21502,2
Vinícius,Fulham,FWD,0.3,46,1.3,0,22,28.2,83.6,61.3,139.0,133449,401651,2
Wilson,Fulham,MID,1.0,53,0.2,1,53,64.2,219.2,206.8,216.0,46745,49177,0
Adrián,Liverpool,GK,0.0,39,0.3,0,0,0.0,0.0,0.0,0.0,13823,22555,0
Alexander-Arnold,Liverpool,DEF,3.2,85,20.4,0,97,131.7,420.6,754.6,141.0,2658699,2375121,18
A.Becker,Liverpool,GK,3.8,57,14.2,6,83,44.1,432.2,10.1,0.0,1265789,936520,9
Bajcetic,Liverpool,MID,0.0,47,0.0,0,0,0.0,0.0,0.0,0.0,1074,5030,0
Darwin,Liverpool,FWD,6.2,74,14.8,11,88,143.4,438.6,283.0,712.0,2839798,2784050,8
Diogo J.,Liverpool,MID,8.0,78,6.7,19,76,94.2,334.8,203.2,405.0,990037,608544,5
Elliott,Liverpool,MID,1.8,48,0.2,3,31,36.1,120.6,145.6,96.0,24835,31877,0
Fabinho,Liverpool,MID,0.0,50,0.0,0,0,0.0,0.0,0.0,0.0,0,1101,0
Gakpo,Liverpool,FWD,4.0,72,2.4,4,46,64.9,216.4,139.9,299.0,214195,628167,3
Gomez,Liverpool,DEF,4.5,45,1.6,10,49,46.3,198.4,183.0,81.0,199618,83460,2
Henderson,Liverpool,MID,0.0,50,0.0,0,0,0.0,0.0,0.0,0.0,0,809,0
Jones,Liverpool,MID,3.8,49,0.1,3,27,32.3,124.2,82.5,120.0,15464,17225,2
Kelleher,Liverpool,GK,0.0,37,1.4,0,7,3.2,32.6,0.0,0.0,303928,199042,0
Konaté,Liverpool,DEF,2.2,49,2.0,6,42,40.4,238.4,92.5,73.0,298809,288513,0
Luis Díaz,Liverpool,MID,2.5,74,7.6,3,59,92.8,213.4,308.1,408.0,1792605,1755048,1
Mac Allister,Liverpool,MID,1.0,58,2.7,3,35,48.1,234.0,216.0,32.0,171606,1017435,3
Matip,Liverpool,DEF,0.0,49,0.3,0,21,26.1,192.8,33.3,35.0,68239,79726,0
Phillips,Liverpool,DEF,0.0,40,0.1,0,0,0.0,0.0,0.0,0.0,2433,18658,0
Robertson,Liverpool,DEF,0.0,64,2.2,0,26,52.7,196.2,284.3,46.0,469755,723569,3
Salah,Liverpool,MID,6.5,131,27.0,0,156,233.1,771.0,618.5,939.0,4148955,4347347,21
Szoboszlai,Liverpool,MID,1.2,71,4.5,0,73,104.8,321.4,520.1,208.0,873795,880132,6
Thiago,Liverpool,MID,0.0,48,0.1,0,0,0.0,0.0,0.0,0.0,2170,19843,0
Tsimikas,Liverpool,DEF,0.2,46,2.5,0,45,43.0,154.8,248.4,26.0,1861849,1645040,4
Van den Berg,Liverpool,DEF,0.0,40,0.0,0,0,0.0,0.0,0.0,0.0,0,2446,0
Virgil,Liverpool,DEF,4.0,63,15.0,6,77,84.9,527.0,101.0,219.0,1361560,924338,8
Adebayo,Luton,FWD,3.3,48,1.1,2,52,67.5,218.4,153.9,302.0,167454,164461,3
Andersen,Luton,DEF,0.3,39,0.7,0,15,15.6,126.8,1.8,27.0,206428,214715,1
Bell,Luton,DEF,1.3,39,3.2,2,24,39.0,250.6,97.6,42.0,199471,669619,1
Berry,Luton,MID,0.3,47,0.0,1,3,0.2,0.0,0.0,2.0,1347,6396,0
Burke,Luton,DEF,0.0,40,0.1,0,13,25.6,131.2,73.8,51.0,25097,23066,0
Campbell,Luton,MID,0.0,49,0.0,0,0,0.0,0.0,0.0,0.0,182,3879,0
Clark,Luton,MID,0.7,48,0.0,2,6,4.2,16.8,13.5,12.0,742,1659,0
Doughty,Luton,DEF,7.0,45,4.2,5,63,105.8,353.8,563.0,142.0,493954,84775,10
Freeman,Luton,MID,0.0,49,0.0,0,0,0.0,0.0,0.0,0.0,59,1926,0
Macey,Luton,GK,0.0,40,0.2,0,0,0.0,0.0,0.0,0.0,1324,43552,0
McAtee,Luton,FWD,0.0,45,0.4,0,0,0.0,0.0,0.0,0.0,7174,236086,0
Mendes,Luton,MID,0.0,45,0.0,0,0,0.0,0.0,0.0,0.0,0,1467,0
Morris,Luton,FWD,5.0,50,1.9,7,70,73.3,224.2,124.4,386.0,1122186,1080772,9
Muskwe,Luton,FWD,0.0,45,0.1,0,0,0.0,0.0,0.0,0.0,1383,18715,0
Ogbene,Luton,FWD,1.3,49,0.1,2,38,67.9,199.0,249.7,229.0,20971,26223,2
Onyedinma,Luton,MID,0.0,50,0.0,0,0,0.0,0.0,0.0,0.0,0,202,0
Osho,Luton,DEF,1.3,44,0.0,2,22,26.2,232.2,4.9,25.0,6100,4869,0
Pepple,Luton,FWD,0.0,45,0.1,0,0,0.0,0.0,0.0,0.0,838,17487,0
Pereira,Luton,MID,0.0,44,0.0,0,0,0.0,0.0,0.0,0.0,1744,17574,0
Potts,Luton,DEF,0.0,39,0.1,0,0,0.0,0.0,0.0,0.0,9029,11214,0
Rea,Luton,MID,0.0,44,0.0,0,0,0.0,0.0,0.0,0.0,883,5317,0
Shea,Luton,GK,0.0,43,0.1,0,0,0.0,0.0,0.0,0.0,2733,12670,0
Taylor,Luton,FWD,0.0,45,0.1,0,0,0.0,0.0,0.0,0.0,0,25268,0
Thorpe,Luton,MID,0.0,45,0.0,0,0,0.0,0.0,0.0,0.0,14,608,0
Walton,Luton,GK,0.0,40,0.0,0,0,0.0,0.0,0.0,0.0,0,819,0
Watson,Luton,MID,0.0,44,0.1,0,0,0.0,0.0,0.0,0.0,3951,29009,0
Woodrow,Luton,FWD,0.3,43,0.6,0,8,10.7,26.2,49.6,32.0,126995,148407,0
Akanji,Man City,DEF,2.3,49,4.5,0,49,49.5,295.4,125.7,73.0,1084205,1189226,1
Aké,Man City,DEF,4.0,50,6.2,1,55,53.2,256.8,104.6,170.0,894870,828384,4
J.Alvarez,Man City,FWD,5.7,70,36.0,2,99,169.1,448.4,708.6,534.0,6373143,3410085,14
Bernardo,Man City,MID,8.0,65,5.6,8,89,134.2,495.4,509.3,336.0,851993,771848,15
Bobb,Man City,MID,3.0,44,0.1,8,20,19.3,72.2,57.1,64.0,11268,9778,2
Cancelo,Man City,DEF,0.0,58,1.0,0,0,0.0,0.0,0.0,0.0,23685,273598,0
Carson,Man City,GK,0.0,39,0.1,0,0,0.0,0.0,0.0,0.0,6227,7614,0
Charles,Man City,MID,0.0,45,0.0,0,0,0.0,0.0,0.0,0.0,0,36,0
De Bruyne,Man City,MID,4.0,105,17.3,12,13,13.1,58.0,59.2,14.0,1753097,1393073,3
Rúben,Man City,DEF,0.7,55,6.5,1,37,52.9,311.4,106.0,110.0,624781,780315,1
Doyle,Wolves,MID,1.0,44,0.1,0,15,16.6,82.6,67.5,16.0,10629,8898,0
Ederson M.,Man City,GK,3.0,55,15.4,1,55,32.9,320.2,10.0,0.0,1260420,1450158,0
Foden,Man City,MID,7.3,80,28.9,2,98,164.2,466.8,636.6,536.0,4063386,2032673,12
Grealish,Man City,MID,0.7,72,1.9,0,39,70.4,214.2,267.2,222.0,167520,545744,6
Haaland,Man City,FWD,0.0,139,51.4,0,112,159.8,588.6,197.5,810.0,1895451,5632337,15
Kovačić,Man City,MID,1.7,47,0.4,2,26,36.2,115.0,186.2,61.0,40402,115738,0
Laporte,Man City,DEF,0.0,49,0.1,0,1,2.9,11.4,0.1,17.0,2340,34436,0
R.Lewis,Man City,DEF,0.3,43,0.3,0,30,17.9,62.0,72.9,44.0,75756,91491,1
Mahrez,Man City,MID,0.0,75,0.0,0,0,0.0,0.0,0.0,0.0,0,5578,0
McAtee,Sheffield Utd,MID,2.3,44,0.7,2,43,58.6,180.2,231.0,175.0,185178,121050,0
Ortega Moreno,Man City,GK,0.7,38,0.8,2,4,4.3,43.0,0.0,0.0,95083,96360,0
Palmer,Chelsea,MID,7.2,58,36.8,10,102,135.7,508.4,420.2,430.0,4682585,891170,14
Perrone,Man City,MID,0.0,44,0.0,0,0,0.0,0.0,0.0,0.0,332,2265,0
Phillips,Man City,MID,0.0,47,0.0,0,4,3.1,16.2,9.3,6.0,2177,4712,0
Rodrigo,Man City,MID,5.3,56,5.1,4,67,112.3,469.8,397.0,257.0,1274530,1347778,7
Sergio Gómez,Man City,DEF,0.0,39,0.9,0,5,3.8,19.4,14.6,4.0,138252,157028,0
Steffen,Man City,GK,0.0,39,0.2,0,0,0.0,0.0,0.0,0.0,19106,18511,0
Stones,Man City,DEF,0.3,53,2.6,0,19,11.1,53.4,49.3,8.0,117009,2254638,0
Walker,Man City,DEF,4.7,54,17.7,6,65,70.0,274.6,351.5,74.0,2559288,1380266,6
Alex Telles,Man Utd,DEF,0.0,45,0.0,0,0,0.0,0.0,0.0,0.0,0,714,0
Amad,Man Utd,MID,0.3,44,0.0,0,1,4.3,7.4,12.5,23.0,1639,4220,0
Antony,Man Utd,MID,1.0,68,0.6,1,27,50.9,120.8,230.7,162.0,31011,114413,0
B.Fernandes,Man Utd,MID,1.7,82,10.4,2,70,164.4,476.2,836.2,332.0,1473768,3035377,10
B.Williams,Man Utd,DEF,0.0,40,0.1,0,0,0.0,0.0,0.0,0.0,1224,12891,0
Bailly,Man Utd,DEF,0.0,40,0.1,0,0,0.0,0.0,0.0,0.0,2895,16551,0
Casemiro,Man Utd,MID,0.0,53,2.0,0,21,40.3,167.2,112.6,123.0,142623,447502,0
Dalot,Man Utd,DEF,0.7,51,3.4,1,59,81.0,380.2,328.2,100.0,662097,537715,8
Elanga,Nott'm Forest,MID,5.0,51,1.7,0,76,104.5,367.8,261.9,417.0,370759,273722,4
Eriksen,Man Utd,MID,1.3,58,0.4,1,34,48.4,180.8,223.0,79.0,47297,78368,4
Fernandez,Man Utd,DEF,0.0,40,0.1,0,0,0.0,0.0,0.0,0.0,5187,25485,0
Fred,Man Utd,MID,0.0,50,0.0,0,0,0.0,0.0,0.0,0.0,322,10806,0
Garnacho,Man Utd,MID,6.7,48,5.6,2,57,95.9,224.6,278.0,461.0,774309,464475,2
Hannibal,Man Utd,MID,0.3,43,0.1,0,11,9.0,48.2,29.8,13.0,46045,42008,0
Heaton,Man Utd,GK,0.0,40,0.1,0,0,0.0,0.0,0.0,0.0,4085,9544,0
Henderson,Crystal Palace,GK,0.7,44,0.3,-2,7,13.1,130.6,0.0,0.0,38340,48526,0
Lindelof,Man Utd,DEF,0.0,45,0.3,0,42,33.4,199.4,93.7,40.0,86150,87647,3
Maguire,Man Utd,DEF,0.0,42,1.1,0,36,32.0,218.8,39.4,60.0,418313,379027,2
Mainoo,Man Utd,MID,1.7,44,0.2,2,14,14.2,92.8,33.3,15.0,32300,20149,0
Malacia,Man Utd,DEF,0.0,43,0.0,0,0,0.0,0.0,0.0,0.0,664,4752,0
Martial,Man Utd,FWD,0.0,64,0.3,0,25,24.5,67.2,85.0,97.0,33967,47598,2
Martinez,Man Utd,DEF,0.3,47,2.2,1,6,12.1,75.6,43.7,2.0,89202,581070,0
McTominay,Man Utd,MID,1.0,47,1.4,1,65,76.9,349.6,79.0,339.0,397578,277893,5
Mengi,Luton,DEF,1.0,40,2.0,2,28,35.8,276.0,21.1,60.0,305490,128154,1
Pellistri,Man Utd,MID,0.0,43,0.2,0,13,13.3,47.0,19.3,66.0,52351,49723,0
R.Varane,Man Utd,DEF,0.7,49,2.3,1,29,30.1,197.4,29.3,74.0,448814,617323,2
Rashford,Man Utd,MID,6.3,84,11.2,7,67,97.9,280.6,225.5,475.0,883950,4338895,0
Sancho,Man Utd,MID,0.0,67,0.4,0,3,3.6,9.8,14.8,12.0,6844,69423,0
Shaw,Man Utd,DEF,0.0,52,3.2,0,21,34.7,161.8,164.2,21.0,291684,2354350,0
Shoretire,Man Utd,FWD,0.0,44,0.2,0,0,0.0,0.0,0.0,0.0,34390,35045,0
Van de Beek,Man Utd,MID,0.0,47,0.0,0,1,1.6,0.0,10.3,6.0,1483,4682,0
Wan-Bissaka,Man Utd,DEF,0.7,44,2.0,0,29,33.0,210.4,85.3,33.0,570709,678746,5
Almirón,Newcastle,MID,1.3,62,3.9,2,62,85.1,260.2,277.1,317.0,777492,1153391,4
Anderson,Newcastle,MID,0.0,42,1.6,0,19,25.7,83.2,88.8,85.0,339566,734552,0
Ashby,Newcastle,DEF,0.0,40,0.0,0,0,0.0,0.0,0.0,0.0,0,2263,0
Botman,Newcastle,DEF,2.7,45,5.5,1,40,35.8,239.2,38.1,80.0,1651310,2859511,4
Bruno G.,Newcastle,MID,2.0,58,2.0,4,56,103.4,368.0,436.5,228.0,212993,361073,3
Burn,Newcastle,DEF,1.7,44,4.4,4,58,60.5,331.0,83.5,190.0,1646023,1546426,2
Darlow,Newcastle,GK,0.0,40,0.0,0,0,0.0,0.0,0.0,0.0,0,962,0
Dubravka,Newcastle,GK,4.3,42,8.4,3,28,30.6,295.6,10.0,0.0,958652,203963,1
Fraser,Newcastle,MID,0.0,49,0.0,0,0,0.0,0.0,0.0,0.0,285,4202,0
Gillespie,Newcastle,GK,0.0,39,0.1,0,0,0.0,0.0,0.0,0.0,5380,5716,0
Gordon,Newcastle,MID,4.3,61,19.7,7,104,131.5,470.0,345.7,503.0,4017468,2079708,8
Hayden,Newcastle,MID,0.0,44,0.0,0,0,0.0,0.0,0.0,0.0,851,4770,0
Hendrick,Newcastle,MID,0.0,44,0.0,0,0,0.0,0.0,0.0,0.0,716,4967,0
Isak,Newcastle,FWD,6.3,76,15.5,6,78,108.5,402.2,155.8,529.0,2907345,3482793,9
Joelinton,Newcastle,MID,0.7,58,0.5,0,41,66.1,247.8,248.8,165.0,75117,145220,3
Krafth,Newcastle,DEF,0.0,44,0.0,0,10,9.6,28.8,62.8,5.0,1451,2016,1
Kuol,Newcastle,MID,0.0,45,0.0,0,0,0.0,0.0,0.0,0.0,0,644,0
Lascelles,Newcastle,DEF,0.3,41,4.9,0,44,33.6,231.6,34.9,69.0,1067093,614253,3
J.Lewis,Newcastle,DEF,0.0,40,0.0,0,0,0.0,0.0,0.0,0.0,0,861,0
Longstaff,Newcastle,MID,2.7,48,0.3,2,51,63.8,251.8,192.0,192.0,154044,146449,0
Manquillo,Newcastle,DEF,0.0,40,0.0,0,0,0.0,0.0,0.0,0.0,3267,6366,0
J.Murphy,Newcastle,MID,0.0,48,0.1,0,24,19.5,103.4,54.3,39.0,29829,45540,3
Pope,Newcastle,GK,0.0,53,5.5,0,56,30.1,297.4,0.0,4.0,548007,1181513,1
Ritchie,Newcastle,MID,0.0,43,0.2,0,6,7.6,18.6,5.2,52.0,17555,23392,0
Saint-Maximin,Newcastle,MID,0.0,60,0.0,0,0,0.0,0.0,0.0,0.0,0,5359,0
Schär,Newcastle,DEF,0.3,52,5.6,1,57,63.2,420.4,83.0,128.0,1180302,884673,4
Targett,Newcastle,DEF,0.0,42,0.1,0,2,2.2,9.2,11.9,0.0,5950,17967,0
Tonali,Newcastle,MID,0.0,52,1.1,0,16,23.8,81.8,105.0,50.0,194992,346328,0
Trippier,Newcastle,DEF,0.7,67,38.2,1,86,144.1,535.6,832.8,73.0,3967667,3486837,18
Watts,Newcastle,DEF,0.0,40,0.1,0,0,0.0,0.0,0.0,0.0,0,8184,0
Willock,Newcastle,MID,0.0,53,0.1,0,4,9.8,23.4,27.7,47.0,6663,23334,0
Wilson,Newcastle,FWD,0.3,78,3.4,0,55,80.8,286.0,74.6,454.0,819922,1374792,4
B.Aguilera,Nott'm Forest,MID,0.3,45,0.0,1,1,0.0,0.0,1.6,0.0,0,1130,0
Arter,Nott'm Forest,MID,0.0,43,0.1,0,0,0.0,0.0,0.0,0.0,28450,25239,0
Aurier,Nott'm Forest,DEF,0.0,45,0.8,0,27,31.8,187.6,84.8,45.0,257774,260265,3
Awoniyi,Nott'm Forest,FWD,0.0,63,1.3,0,42,46.8,191.2,111.6,167.0,831316,856100,3
Biancone,Nott'm Forest,DEF,0.0,39,0.1,0,0,0.0,0.0,0.0,0.0,1479,9261,0
Boly,Nott'm Forest,DEF,0.3,45,0.4,0,37,53.9,317.8,59.1,161.0,123934,115136,3
Bowler,Nott'm Forest,MID,0.0,45,0.0,0,0,0.0,0.0,0.0,0.0,0,346,0
Cook,Nott'm Forest,DEF,0.0,45,0.0,0,0,0.0,0.0,0.0,0.0,0,2325,0
Danilo,Nott'm Forest,MID,4.0,53,0.1,8,26,18.1,94.2,52.9,35.0,3114,11757,2
Dennis,Nott'm Forest,FWD,0.0,48,0.1,0,0,0.0,0.0,0.0,0.0,6239,51457,0
Dräger,Nott'm Forest,DEF,0.0,40,0.1,0,0,0.0,0.0,0.0,0.0,796,10583,0
Felipe,Nott'm Forest,DEF,0.0,44,0.0,0,1,4.9,25.8,11.3,12.0,1426,3565,0
Freuler,Nott'm Forest,MID,0.0,49,0.0,0,0,0.0,0.0,0.0,0.0,105,1972,0
Gibbs-White,Nott'm Forest,MID,3.0,57,1.5,0,66,115.5,319.4,561.5,274.0,243933,336396,4
Hennessey,Nott'm Forest,GK,0.0,40,0.2,0,0,0.0,0.0,0.0,0.0,4803,16298,0
Horvath,Nott'm Forest,GK,0.0,43,0.1,0,0,0.0,0.0,0.0,0.0,2530,8777,0
Johnson,Spurs,MID,3.3,58,0.8,2,55,85.1,217.8,280.2,353.0,137934,127293,2
Kouyaté,Nott'm Forest,MID,0.3,48,0.0,0,10,7.0,36.0,14.2,19.0,864,2400,0
Laryea,Nott'm Forest,DEF,0.0,45,0.0,0,0,0.0,0.0,0.0,0.0,0,496,0
Mangala,Nott'm Forest,MID,0.3,50,0.0,1,38,34.7,195.2,108.4,44.0,4000,4822,0
Mbe Soh,Nott'm Forest,DEF,0.0,40,0.0,0,0,0.0,0.0,0.0,0.0,589,7688,0
McKenna,Nott'm Forest,DEF,0.0,44,0.1,0,12,13.8,89.0,32.4,17.0,5740,10248,1
Mighten,Nott'm Forest,MID,0.0,44,0.0,0,0,0.0,0.0,0.0,0.0,874,3332,0
Niakhaté,Nott'm Forest,DEF,1.3,45,0.1,0,18,25.7,188.8,46.6,22.0,4913,6044,1
O'Brien,Nott'm Forest,MID,0.0,49,0.0,0,0,0.0,0.0,0.0,0.0,68,1201,0
Ojeda,Nott'm Forest,MID,0.0,45,0.0,0,0,0.0,0.0,0.0,0.0,0,388,0
Panzo,Nott'm Forest,DEF,0.0,40,0.1,0,0,0.0,0.0,0.0,0.0,884,9732,0
O.Richards,Nott'm Forest,DEF,0.0,44,0.0,0,0,0.0,0.0,0.0,0.0,88,3870,0
G.Scarpa,Nott'm Forest,MID,0.0,45,0.0,0,0,0.0,0.0,0.0,0.0,296,5351,0
J.Shelvey,Nott'm Forest,MID,0.0,48,0.0,0,0,0.0,0.0,0.0,0.0,290,2836,0
Surridge,Nott'm Forest,FWD,0.0,45,0.1,0,0,0.0,0.0,0.0,0.0,0,27108,0
Toffolo,Nott'm Forest,DEF,0.3,44,0.2,0,40,63.2,262.0,210.2,161.0,32146,24440,3
Ui-jo,Nott'm Forest,FWD,0.0,44,0.3,0,0,0.0,0.0,0.0,0.0,22938,127207,0
Williams,Nott'm Forest,DEF,0.7,43,0.2,1,18,32.0,181.4,114.2,24.0,10071,21170,2
Wood,Nott'm Forest,FWD,9.0,49,1.8,8,74,92.4,358.6,188.4,379.0,314062,204213,12
Worrall,Nott'm Forest,DEF,0.3,43,0.1,0,13,13.0,90.0,22.1,18.0,5280,9282,3
Yates,Nott'm Forest,MID,1.7,48,0.0,2,26,32.0,142.2,60.2,119.0,1568,3741,1
Ahmedhodžić,Sheffield Utd,DEF,2.7,43,0.2,0,21,38.7,263.6,22.5,99.0,12686,39717,4
Amissah,Sheffield Utd,GK,0.0,39,0.3,0,0,0.0,0.0,0.0,0.0,25988,26967,0
Baldock,Sheffield Utd,DEF,0.3,38,6.1,0,19,26.9,159.2,92.0,19.0,582966,1311064,2
Basham,Sheffield Utd,DEF,0.0,39,0.4,0,8,11.1,69.2,27.4,14.0,97616,110868,0
Berge,Burnley,MID,-0.3,47,0.1,0,41,51.5,242.4,175.3,98.0,13232,21062,3
Bogle,Sheffield Utd,DEF,0.3,45,0.1,1,33,43.2,221.8,93.8,116.0,23751,21466,0
Brewster,Sheffield Utd,FWD,0.0,49,0.0,-2,5,5.8,14.4,15.2,27.0,3004,8063,0
Coulibaly,Sheffield Utd,MID,0.0,44,0.0,0,0,0.0,0.0,0.0,0.0,4452,6041,0
A.Davies,Sheffield Utd,GK,0.0,40,0.2,0,0,0.0,0.0,0.0,0.0,8433,13897,0
Egan,Sheffield Utd,DEF,0.0,43,0.1,0,1,13.1,91.2,1.4,38.0,4379,14967,0
Fleck,Sheffield Utd,MID,0.0,49,0.0,0,3,3.3,5.4,26.0,2.0,663,1289,0
Foderingham,Sheffield Utd,GK,1.7,45,0.3,2,51,64.2,641.2,0.0,0.0,49175,50987,7
Jebbison,Sheffield Utd,FWD,0.0,48,0.0,0,0,0.0,0.0,0.0,0.0,1767,2719,0
Lowe,Sheffield Utd,DEF,0.0,43,0.0,0,6,9.7,61.6,18.1,18.0,1500,7108,0
McBurnie,Sheffield Utd,FWD,5.0,54,0.0,6,35,59.0,219.2,100.9,270.0,9864,12007,5
Ndiaye,Sheffield Utd,FWD,0.0,55,0.0,0,0,0.0,0.0,0.0,0.0,0,2148,0
Norrington-Davies,Sheffield Utd,DEF,0.7,39,0.2,1,2,0.1,0.6,0.1,0.0,28195,18771,0
Norwood,Sheffield Utd,MID,1.0,48,0.0,1,35,60.1,269.8,250.9,80.0,9814,10201,3
Osborn,Sheffield Utd,MID,0.3,48,0.0,0,9,9.8,39.2,52.3,9.0,852,2859,0
Osula,Sheffield Utd,FWD,2.3,43,1.3,4,16,19.4,18.6,21.4,160.0,270018,300231,0
Austin,Spurs,GK,0.0,39,0.2,0,0,0.0,0.0,0.0,0.0,9318,14889,0
Bentancur,Spurs,MID,2.3,54,0.0,6,10,15.8,69.2,29.4,62.0,5628,4096,0
Bissouma,Spurs,MID,0.0,50,0.3,0,24,53.4,253.2,159.9,120.0,82399,93636,0
Bryan,Spurs,MID,1.0,49,0.0,1,10,13.4,22.2,53.0,58.0,1581,1542,0
Davies,Spurs,DEF,2.7,43,0.5,0,29,38.7,266.6,41.0,77.0,42102,75234,0
Dier,Spurs,DEF,0.3,42,0.4,0,2,6.0,55.8,1.0,4.0,33518,101711,0
E.Royal,Spurs,DEF,0.7,44,0.8,1,23,33.6,234.0,64.6,35.0,158252,187331,4
Forster,Spurs,GK,0.0,39,1.9,0,0,0.0,0.0,0.0,0.0,38795,227005,0
Højbjerg,Spurs,MID,1.7,52,0.3,2,23,35.0,177.0,108.0,64.0,16671,51293,0
Kane,Spurs,FWD,0.0,125,0.6,0,0,0.0,0.0,0.0,0.0,565,321020,0
Kulusevski,Spurs,MID,0.3,71,3.9,0,79,158.2,414.0,596.8,574.0,872113,648771,9
Lloris,Spurs,GK,0.0,48,0.6,0,0,0.0,0.0,0.0,0.0,32897,69597,0
Lo Celso,Spurs,MID,4.0,48,0.1,0,36,41.3,180.4,157.0,75.0,36649,40876,6
Maddison,Spurs,MID,0.0,78,7.7,0,63,109.6,330.0,451.0,316.0,4237469,4849536,6
Ndombele,Spurs,MID,0.0,44,0.2,0,0,0.0,0.0,0.0,0.0,12864,50434,0
Pedro Porro,Spurs,DEF,4.3,58,32.9,6,83,136.3,533.6,632.3,196.0,3971600,874421,13
Perišić,Spurs,DEF,0.0,47,0.8,0,6,14.0,41.6,71.2,27.0,58691,290957,0
Reguilón,Brentford,DEF,0.7,44,0.3,1,19,22.8,71.8,121.9,34.0,154597,154914,2
Richarlison,Spurs,MID,5.7,70,11.6,8,81,101.5,369.2,141.6,506.0,1519866,715525,4
Rodon,Spurs,DEF,0.0,40,0.1,0,0,0.0,0.0,0.0,0.0,0,14246,0
Romero,Spurs,DEF,0.3,49,6.8,1,63,60.4,407.6,89.6,105.0,2441929,2091051,11
Sánchez,Spurs,DEF,0.0,44,0.1,0,0,2.6,17.0,5.0,4.0,2363,14836,0
Sarr,Spurs,MID,2.7,44,1.6,0,53,75.8,274.4,245.0,235.0,595424,564357,2
Sessegnon,Spurs,DEF,0.0,44,0.0,0,0,0.0,0.0,0.0,0.0,725,1076,0
Skipp,Spurs,MID,0.7,46,0.1,2,16,22.8,69.4,110.6,51.0,7937,23308,0
Son,Spurs,MID,4.7,97,20.1,0,136,180.2,631.8,486.3,685.0,6168197,4942848,18
Spence,Spurs,DEF,0.0,40,0.2,0,0,0.0,0.0,0.0,0.0,6594,46220,0
Tanganga,Spurs,DEF,0.0,40,0.3,0,0,0.0,0.0,0.0,0.0,11423,67048,0
Udogie,Spurs,DEF,1.0,48,9.5,1,48,75.3,339.8,223.0,190.0,2708247,2050095,5
Vicario,Spurs,GK,1.7,53,9.0,1,71,56.4,563.2,0.0,0.0,1316545,623147,7
Whiteman,Spurs,GK,0.0,39,0.2,0,0,0.0,0.0,0.0,0.0,17375,23915,0
N.Aguerd,West Ham,DEF,0.0,45,0.6,0,33,49.6,332.0,41.6,121.0,108121,125694,0
Antonio,West Ham,FWD,0.0,57,1.7,0,38,36.4,142.8,86.9,138.0,659919,792479,4
Areola,West Ham,GK,8.0,42,36.6,3,77,54.0,539.6,0.0,0.0,2708656,1200686,8
Benrahma,West Ham,MID,0.7,56,0.4,0,20,44.6,85.4,164.9,196.0,37602,92504,0
Bowen,West Ham,MID,3.7,81,26.8,2,113,150.7,559.6,209.8,740.0,5676927,3471209,8
Cornet,West Ham,MID,2.3,52,0.1,7,8,8.4,36.6,1.8,46.0,1850,6304,0
Coufal,West Ham,DEF,1.3,47,3.7,-2,60,76.0,418.8,301.7,38.0,777107,436370,6
Coventry,West Ham,MID,0.0,43,0.1,0,0,0.0,0.0,0.0,0.0,6821,10380,0
Cresswell,West Ham,DEF,0.0,42,0.3,0,2,3.8,15.2,22.1,0.0,19081,82720,0
Downes,West Ham,MID,0.0,50,0.0,0,0,0.0,0.0,0.0,0.0,126,1998,0
Emerson,West Ham,DEF,4.3,46,3.2,1,55,64.1,325.2,218.2,97.0,404421,124686,6
Fabianski,West Ham,GK,0.3,42,1.3,1,13,8.3,83.0,0.0,0.0,54989,219403,1
P.Fornals,West Ham,MID,1.7,46,0.1,2,19,21.9,64.2,75.5,79.0,4231,10019,0
Ings,West Ham,FWD,3.3,56,0.6,10,20,15.3,40.0,46.0,67.0,44055,169724,2
Johnson,West Ham,DEF,2.0,44,0.1,1,7,2.3,14.4,4.2,3.0,3098,6469,0
Kehrer,West Ham,DEF,0.0,42,0.1,0,2,0.9,8.6,0.7,0.0,4290,12750,0
Mubama,West Ham,FWD,0.7,42,4.8,1,5,0.8,0.2,2.3,5.0,617501,1232055,0
L.Paquetá,West Ham,MID,0.3,60,1.6,0,63,93.6,347.6,419.7,169.0,294449,325221,5
Rice,Arsenal,MID,2.8,54,5.0,6,75,94.4,474.4,292.0,177.0,488981,658575,7
Scamacca,West Ham,FWD,0.0,60,0.0,0,0,0.0,0.0,0.0,0.0,0,4971,0
Souček,West Ham,MID,4.7,49,1.5,2,74,86.1,426.4,105.9,330.0,326299,285948,5
Vlašić,West Ham,MID,0.0,45,0.0,0,0,0.0,0.0,0.0,0.0,0,13660,0
Zouma,West Ham,DEF,0.3,45,1.5,1,45,46.7,320.0,17.5,130.0,274953,241784,4
Aït-Nouri,Wolves,DEF,3.5,45,0.3,0,28,42.7,188.6,172.1,68.0,71716,81191,1
Bentley,Wolves,GK,0.0,39,1.1,0,16,5.7,57.4,0.0,0.0,140621,79988,1
Bolla,Wolves,DEF,0.0,40,0.4,0,0,0.0,0.0,0.0,0.0,11202,57819,0
H.Bueno,Wolves,DEF,0.5,44,0.1,0,19,17.4,76.4,74.4,25.0,6977,13713,0
Chiquinho,Wolves,MID,0.0,45,0.0,0,0,0.0,0.0,0.0,0.0,0,745,0
Cundle,Wolves,MID,0.0,45,0.0,0,0,0.0,0.0,0.0,0.0,0,1928,0
Dawson,Wolves,DEF,5.2,45,0.9,0,50,65.4,420.8,63.0,170.0,144578,87822,5
Fábio Silva,Wolves,FWD,0.0,52,0.2,0,8,16.9,25.2,51.6,93.0,17549,32991,0
Giles,Luton,DEF,0.3,43,0.1,0,11,23.1,83.2,108.7,38.0,9785,18439,0
Guedes,Wolves,MID,0.0,54,0.0,0,0,0.0,0.0,0.0,0.0,1001,7714,0
Hodge,Wolves,MID,0.0,44,0.0,0,0,0.0,0.0,0.0,0.0,4090,9763,0
Hoever,Wolves,DEF,0.0,40,0.0,0,0,0.0,0.0,0.0,0.0,0,5179,0
Hee Chan,Wolves,MID,5.5,56,5.1,0,100,110.0,442.8,203.6,451.0,1924825,1446741,10
Raúl,Fulham,FWD,3.0,52,1.6,2,54,75.3,249.0,146.8,366.0,447038,410852,10
João Gomes,Wolves,MID,1.8,49,0.1,0,34,42.4,184.4,175.9,64.0,6243,8847,0
J.Otto,Wolves,DEF,0.0,43,0.0,0,1,0.5,5.0,0.0,0.0,1441,5549,0
Jordão,Wolves,MID,0.0,43,0.2,0,0,0.0,0.0,0.0,0.0,16859,23601,0
Kalajdžić,Wolves,FWD,0.0,49,0.1,0,24,20.7,94.0,48.7,66.0,25714,32129,4
Kilman,Wolves,DEF,4.0,45,0.9,0,48,69.1,432.4,138.4,118.0,117711,108170,3
King,Wolves,GK,0.0,39,0.7,0,0,0.0,0.0,0.0,0.0,19080,34876,0
Lemina,Wolves,MID,4.5,49,0.2,0,56,74.1,346.8,95.2,297.0,34521,24746,10
Matheus N.,Man City,MID,0.7,48,0.1,0,15,22.2,84.0,85.3,53.0,21512,36699,0
Neto,Wolves,MID,0.2,56,1.8,0,53,84.5,248.0,388.7,213.0,1404775,1293118,5
Podence,Wolves,MID,0.0,53,0.0,0,0,0.0,0.0,0.0,0.0,868,11672,0
José Sá,Wolves,GK,3.0,50,1.4,0,52,39.9,397.8,0.0,0.0,180276,185081,4
Sarabia,Wolves,MID,3.8,47,0.3,0,47,77.3,221.6,423.8,126.0,59716,45323,4
Šarkić,Wolves,GK,0.0,40,0.3,0,0,0.0,0.0,0.0,0.0,0,27970,0
N.Semedo,Wolves,DEF,2.5,45,0.7,0,40,53.9,279.6,184.1,74.0,104223,79019,0
Toti,Wolves,DEF,3.2,44,0.3,0,43,39.1,264.6,47.8,76.0,36978,22751,3
Boubacar Traore,Wolves,MID,0.2,43,0.3,0,13,11.7,48.4,57.0,10.0,38340,61762,0
Lockyer,Luton,DEF,0.0,42,0.1,0,23,40.6,286.2,39.2,80.0,31803,38643,1
Robinson,Sheffield Utd,DEF,0.0,44,0.1,1,19,47.1,340.0,73.1,56.0,13691,16330,1
Ogbonna,West Ham,DEF,4.0,43,0.1,0,17,8.3,82.2,0.7,0.0,8468,9675,0
Nelson,Arsenal,MID,0.2,48,0.0,0,8,7.4,20.6,41.2,13.0,6341,7648,0
Lonergan,Everton,GK,0.0,39,0.1,0,0,0.0,0.0,0.0,0.0,2384,4033,0
Karius,Newcastle,GK,0.0,39,0.3,0,0,0.0,0.0,0.0,0.0,12654,15696,0
Dummett,Newcastle,DEF,0.0,39,0.3,0,1,0.3,3.0,0.2,0.0,45146,35507,0
Mpanzu,Luton,MID,0.3,47,0.0,0,24,18.0,71.0,68.6,41.0,3792,7149,0
Solomon,Spurs,MID,0.0,51,0.1,0,14,28.0,73.4,144.3,61.0,18872,28613,2
Pau,Aston Villa,DEF,0.3,47,4.8,0,61,53.9,313.2,122.2,103.0,848394,622060,4
J.Timber,Arsenal,DEF,0.0,46,0.4,0,0,0.6,3.6,2.4,0.0,12340,479205,0
Chong,Luton,MID,0.7,48,0.1,1,24,28.5,104.4,76.6,108.0,12012,18615,0
Slimane,Sheffield Utd,MID,0.3,47,0.0,0,9,12.2,28.2,41.2,52.0,784,5275,0
Young,Everton,DEF,0.0,44,0.3,0,26,41.6,147.6,238.6,28.0,30437,74104,2
Ângelo,Chelsea,MID,0.0,50,0.0,0,0,0.0,0.0,0.0,0.0,0,998,0
Cunha,Wolves,FWD,4.5,58,6.9,0,85,133.2,483.0,282.8,570.0,1145500,491174,9
Willian,Fulham,MID,1.3,53,0.7,2,64,88.7,266.2,366.9,256.0,191665,190629,6
Larouci,Sheffield Utd,DEF,0.0,43,0.0,0,4,8.6,52.4,2.9,31.0,1202,4336,0
T.Bénie,Sheffield Utd,FWD,0.0,51,0.0,0,11,11.2,25.8,56.7,31.0,7991,12986,0
Amdouni,Burnley,FWD,6.0,53,0.3,9,63,86.7,293.2,194.8,378.0,94609,80001,9
Kerkez,Bournemouth,DEF,0.0,44,0.2,0,31,32.1,187.0,104.1,30.0,36087,44089,1
Trafford,Burnley,GK,2.3,45,1.1,2,59,70.7,706.0,0.2,0.0,93966,90520,4
Onana,Man Utd,GK,1.3,48,12.1,2,74,60.4,583.0,20.2,0.0,886823,2419742,5
Doherty,Wolves,DEF,2.5,43,0.2,0,20,24.2,100.4,79.0,63.0,17501,27601,1
Diaby,Aston Villa,MID,3.7,66,9.2,3,88,115.1,306.8,388.9,456.0,2334626,2116956,5
Redmond,Burnley,MID,0.3,47,0.0,0,11,9.4,23.8,52.5,18.0,780,4695,0
Danjuma,Everton,MID,1.7,52,0.1,3,23,40.2,70.2,78.0,254.0,29848,38231,0
Kaboré,Luton,DEF,0.0,40,3.4,0,25,38.8,180.6,158.7,50.0,565500,797324,3
Barnes,Newcastle,MID,0.0,62,1.0,0,17,14.0,57.6,29.9,53.0,197635,448451,2
Aina,Nott'm Forest,DEF,1.3,45,0.3,0,34,28.8,186.2,75.7,26.0,69185,62186,2
Koleosho,Burnley,MID,0.0,48,0.1,0,40,44.5,86.8,147.9,213.0,42701,42486,0
Igor,Brighton,DEF,0.3,43,0.1,0,13,21.1,133.4,67.3,10.0,17780,22892,1
Radu,Bournemouth,GK,0.0,44,0.1,0,2,3.3,33.0,0.0,0.0,5219,9172,0
Bruun Larsen,Burnley,MID,0.7,49,0.0,1,31,40.7,106.2,162.5,143.0,3108,3580,0
Maatsen,Chelsea,MID,0.5,51,0.0,0,11,10.3,29.4,44.8,29.0,3375,10880,0
Bassey,Fulham,DEF,0.7,44,0.2,0,22,25.7,219.8,23.2,13.0,13197,31585,0
Disasi,Chelsea,DEF,2.2,49,3.8,5,56,51.3,356.8,70.5,86.0,961117,801448,4
Ugochukwu,Chelsea,MID,0.2,44,0.2,0,11,7.1,47.0,22.0,2.0,44548,45728,0
Kaminski,Luton,GK,2.7,45,0.4,5,48,59.9,599.6,0.0,0.0,63180,50259,2
Matheus França,Crystal Palace,MID,1.0,48,0.0,1,6,7.6,8.0,54.1,15.0,939,1574,0
Gvardiol,Man City,DEF,2.7,48,3.3,1,40,54.5,224.8,182.7,137.0,611955,675892,1
Højlund,Man Utd,FWD,6.0,68,3.4,11,41,59.6,136.4,164.6,297.0,1200488,1039871,4
Kellyman,Aston Villa,MID,0.0,45,0.1,0,0,0.0,0.0,0.0,0.0,6942,7638,0
Greenwood,Bournemouth,DEF,0.0,40,0.2,0,0,0.0,0.0,0.0,0.0,14468,16089,0
Olakigbe,Brentford,MID,0.7,45,0.0,0,8,3.5,4.8,4.1,27.0,3338,3403,0
Hinshelwood,Brighton,MID,4.0,45,0.1,0,30,41.0,141.0,72.1,197.0,20729,9093,5
Dodgson,Burnley,DEF,0.0,40,0.0,0,0,0.0,0.0,0.0,0.0,467,3522,0
Burstow,Chelsea,FWD,0.0,45,0.1,0,2,0.3,0.4,0.6,2.0,4401,14127,0
Dobbin,Everton,MID,0.0,45,0.1,0,13,11.1,55.6,13.5,43.0,10191,9369,0
De Fougerolles,Fulham,DEF,0.0,40,0.1,0,0,0.0,0.0,0.0,0.0,3479,4812,0
Quansah,Liverpool,DEF,1.5,40,0.1,0,12,5.3,43.2,5.7,4.0,23105,16247,0
Clark,Liverpool,MID,0.2,44,0.0,1,1,0.5,2.2,0.3,2.0,1485,2164,0
Doak,Liverpool,MID,0.0,44,0.0,0,1,0.1,0.2,0.8,0.0,5154,7927,0
McConnell,Liverpool,MID,0.0,44,0.0,0,1,0.1,1.0,0.0,0.0,1167,1717,0
Barkley,Luton,MID,4.0,49,0.3,2,43,71.6,284.4,257.9,176.0,50089,35790,1
Brown,Luton,FWD,0.7,49,0.1,0,38,50.9,159.4,115.9,242.0,32581,32152,3
Forson,Man Utd,MID,0.0,44,0.0,0,0,0.0,0.0,0.0,0.0,1024,1495,0
Livramento,Newcastle,DEF,0.3,43,1.3,0,26,26.0,139.4,89.9,29.0,233917,131723,4
A.Murphy,Newcastle,DEF,0.0,39,0.4,0,1,0.0,0.2,0.1,0.0,47460,46810,0
Miley,Newcastle,MID,1.3,45,0.2,2,26,37.3,130.2,118.9,124.0,35305,21897,1
G.Shelvey,Nott'm Forest,GK,0.0,39,0.0,0,0,0.0,0.0,0.0,0.0,1857,3129,0
Powell,Nott'm Forest,DEF,0.0,39,0.1,0,0,0.0,0.0,0.0,0.0,7522,8233,0
Vini Souza,Sheffield Utd,MID,2.0,50,0.0,2,36,38.2,267.8,47.1,67.0,3128,3097,1
Van de Ven,Spurs,DEF,0.3,44,1.2,1,44,27.3,223.2,14.8,34.0,751313,697040,4
Scarlett,Spurs,FWD,0.0,45,0.1,0,0,0.0,0.0,0.0,0.0,7863,30431,0
Veliz,Spurs,FWD,2.0,54,0.1,0,11,6.5,35.2,0.9,29.0,8873,12067,0
Álvarez,West Ham,MID,2.0,50,0.2,0,34,36.0,265.6,57.0,39.0,19798,21007,0
Aarons,Bournemouth,DEF,0.0,44,0.1,0,23,30.3,168.2,108.4,26.0,29119,30544,0
Scott,Bournemouth,MID,5.3,49,0.0,1,19,20.8,104.0,72.8,32.0,4282,2771,3
Y. Chermiti,Everton,FWD,0.0,48,0.1,0,6,2.7,0.0,13.5,17.0,5873,8631,0
Hein,Arsenal,GK,0.0,40,0.1,0,0,0.0,0.0,0.0,0.0,4585,3947,0
Anang,West Ham,GK,0.0,40,0.1,0,0,0.0,0.0,0.0,0.0,5519,4399,0
Francis-Clarke,Luton,DEF,0.0,40,0.0,0,0,0.0,0.0,0.0,0.0,713,1402,0
Cannon,Everton,FWD,0.0,45,0.0,0,1,0.0,0.0,0.0,0.0,2480,3780,0
Onyango,Everton,MID,0.0,45,0.0,0,1,0.0,0.0,0.0,0.0,1542,1495,0
Stansfield,Fulham,FWD,0.0,45,0.0,0,0,0.0,0.0,0.0,0.0,1655,2403,0
Dibley-Dias,Fulham,MID,0.0,45,0.0,0,0,0.0,0.0,0.0,0.0,1087,1066,0
Seriki,Sheffield Utd,DEF,0.0,39,0.1,0,0,0.0,0.0,0.0,0.0,5185,4737,0
Marsh,Sheffield Utd,FWD,0.0,45,0.0,0,0,0.0,0.0,0.0,0.0,3568,4788,0
Brooks,Sheffield Utd,MID,1.3,44,0.0,1,13,9.5,40.2,28.9,25.0,6098,5286,0
Hackford,Sheffield Utd,FWD,0.0,44,0.1,0,2,0.0,0.0,0.3,0.0,11863,11121,0
Rak-Sakyi,Crystal Palace,MID,0.0,45,0.0,0,8,11.0,23.2,28.2,58.0,5168,4815,0
Gordon,Crystal Palace,FWD,0.0,45,0.0,0,0,0.0,0.0,0.0,0.0,7045,9392,0
Bergström,Chelsea,GK,0.0,39,0.0,0,0,0.0,0.0,0.0,0.0,1897,1720,0
Odobert,Burnley,MID,2.3,50,0.1,3,40,48.9,196.4,140.1,154.0,12803,5636,3
Harrison,Everton,MID,4.0,55,0.2,3,57,70.0,241.6,249.4,209.0,39783,28738,3
Adama,Fulham,MID,0.0,49,0.0,0,4,3.5,9.6,5.0,21.0,6234,6867,0
Hamer,Sheffield Utd,MID,0.7,50,0.2,1,52,83.6,268.6,433.4,135.0,62945,54671,3
Ward-Prowse,West Ham,MID,6.0,60,8.6,9,91,136.9,532.2,619.8,218.0,2425789,1672393,12
Krul,Luton,GK,0.0,44,0.0,0,0,0.0,0.0,0.0,0.0,3420,3534,0
T.Davies,Sheffield Utd,MID,0.0,50,0.0,0,2,2.8,6.4,13.0,8.0,583,699,0
Lavia,Chelsea,MID,0.2,49,0.0,0,1,0.6,3.6,1.9,0.0,1428,1617,0
Endo,Liverpool,MID,1.2,54,0.1,0,25,25.9,124.6,108.8,28.0,14704,13391,0
Vítek,Man Utd,GK,0.0,40,0.0,0,0,0.0,0.0,0.0,0.0,2759,1911,0
Marschall,Aston Villa,GK,0.0,40,0.0,0,0,0.0,0.0,0.0,0.0,3154,2137,0
Humphreys,Chelsea,DEF,0.0,40,0.0,0,0,0.0,0.0,0.0,0.0,629,984,0
Zaniolo,Aston Villa,MID,0.7,54,0.1,1,18,36.1,71.2,72.5,222.0,12984,11706,0
Adams,Bournemouth,MID,0.0,49,0.0,0,0,0.0,0.0,0.0,0.0,652,633,0
Delcroix,Burnley,DEF,0.3,40,0.0,0,6,14.3,63.2,37.8,42.0,4972,3836,0
A.Ramsey,Burnley,MID,0.7,50,0.0,0,12,7.3,29.0,21.6,24.0,9683,8297,0
Mavropanos,West Ham,DEF,7.3,45,0.2,1,29,19.3,118.2,15.9,60.0,26066,9248,3
Deivid,Chelsea,FWD,0.0,45,0.1,0,1,0.4,0.0,0.1,4.0,10359,8403,0
Doku,Man City,MID,0.7,65,2.5,2,51,96.6,286.6,307.6,371.0,1380788,1167987,9
G.Montiel,Nott'm Forest,DEF,4.3,44,0.1,0,15,15.8,86.0,55.5,15.0,12201,6341,3
Beach,Chelsea,GK,0.0,40,0.0,0,0,0.0,0.0,0.0,0.0,1449,1218,0
Diego Moreira,Chelsea,MID,0.0,45,0.0,0,0,0.0,0.0,0.0,0.0,236,283,0
Johnson,Luton,DEF,0.0,40,0.0,0,0,0.0,0.0,0.0,0.0,4522,3439,0
Harris,Fulham,MID,0.0,45,0.0,0,2,2.1,3.2,0.7,17.0,4640,3951,0
Brierley,Brentford,MID,0.0,45,0.0,0,0,0.0,0.0,0.0,0.0,1729,1385,0
Gore,Man Utd,MID,0.3,45,0.0,0,1,0.3,3.0,0.0,0.0,757,662,0
Zych,Aston Villa,GK,0.0,40,0.1,0,0,0.0,0.0,0.0,0.0,6697,5741,0
Petrović,Chelsea,GK,4.2,45,1.1,10,24,13.1,130.8,0.0,0.0,138790,33702,3
Castagne,Fulham,DEF,1.3,45,0.6,1,44,48.6,217.0,165.6,103.0,154324,101386,3
Kudus,West Ham,MID,1.0,68,3.3,0,76,70.3,336.0,177.2,191.0,1125334,815616,11
Baleba,Brighton,MID,0.3,45,0.1,0,13,19.0,96.4,69.2,24.0,16388,12556,0
Beto,Everton,FWD,1.3,57,0.1,1,24,31.5,64.4,78.0,180.0,61285,54279,0
Benda,Fulham,GK,0.0,40,0.0,0,0,0.0,0.0,0.0,0.0,2946,1759,0
Thomas,Sheffield Utd,DEF,0.3,40,0.1,0,7,24.7,127.8,53.9,64.0,10836,7697,0
Massengo,Burnley,MID,0.0,50,0.0,0,0,0.0,0.0,0.0,0.0,412,454,0
Altay,Man Utd,GK,0.0,40,0.1,0,0,0.0,0.0,0.0,0.0,16096,6701,0
Murillo,Nott'm Forest,DEF,2.7,45,0.1,1,31,47.9,325.2,65.0,89.0,14453,9019,1
S.Bueno,Wolves,DEF,0.8,45,0.0,0,4,5.0,49.0,0.9,0.0,2900,2427,0
González,Wolves,MID,0.0,50,0.0,0,0,0.0,0.0,0.0,0.0,1695,1557,0
Lenglet,Aston Villa,DEF,3.7,45,0.1,5,13,10.9,70.0,31.3,8.0,16908,7776,0
Ansu Fati,Brighton,MID,0.0,64,0.3,0,21,32.7,97.0,54.5,176.0,178040,165564,1
Ghoddos,Brentford,MID,1.0,45,0.0,0,21,34.1,132.0,162.4,45.0,13136,10180,0
Phillips,Spurs,DEF,0.0,40,0.1,0,0,0.0,0.0,0.0,0.0,11218,9409,0
Evans,Man Utd,DEF,1.0,40,1.0,1,33,23.4,172.2,45.8,15.0,285863,193673,3
Fraser,Wolves,FWD,0.0,45,0.1,0,0,0.0,0.0,0.0,0.0,14797,11934,0
Sinisterra,Bournemouth,MID,3.0,55,0.0,1,29,44.3,153.8,126.4,162.0,6817,5069,0
M.Trésor,Burnley,MID,1.3,54,0.0,1,18,17.8,43.4,109.7,24.0,4896,4380,0
Ballo-Touré,Fulham,DEF,0.3,45,0.0,0,3,1.6,11.2,1.5,2.0,4220,3670,0
Gravenberch,Liverpool,MID,1.5,50,0.1,1,24,33.9,86.0,124.5,129.0,29250,24360,0
Amrabat,Man Utd,MID,0.0,50,0.1,0,14,17.1,100.0,65.8,4.0,33020,29209,0
Odysseas,Nott'm Forest,GK,0.0,45,0.1,0,12,11.2,101.8,10.0,0.0,16834,13545,0
Omobamidele,Nott'm Forest,DEF,0.3,45,0.0,1,1,1.8,17.6,0.8,0.0,770,863,0
Dominguez,Nott'm Forest,MID,4.0,50,0.0,2,38,40.6,184.4,77.8,142.0,7942,5925,5
Sangaré,Nott'm Forest,MID,0.3,49,0.0,0,19,26.5,133.2,95.6,36.0,1891,1736,0
Origi,Nott'm Forest,FWD,0.0,50,0.1,0,8,5.8,10.6,27.9,24.0,31680,28186,0
Bellegarde,Wolves,MID,1.8,49,0.0,0,27,33.1,151.6,89.4,91.0,6283,5252,1
Gilchrist,Chelsea,DEF,0.8,40,0.0,1,3,0.5,5.0,0.0,0.0,2425,1716,0
Stutter,Chelsea,FWD,0.0,45,0.0,0,0,0.0,0.0,0.0,0.0,5211,4036,0
Matos,Chelsea,MID,0.0,45,0.0,0,1,0.0,0.0,0.0,0.0,1272,1110,0
Hunt,Everton,MID,0.0,45,0.0,0,0,0.0,0.0,0.0,0.0,952,736,0
Ola-Adebomi,Crystal Palace,FWD,0.0,45,0.0,0,0,0.0,0.0,0.0,0.0,5676,4357,0
Ozoh,Crystal Palace,MID,0.3,45,0.0,1,4,1.8,15.4,2.6,0.0,982,773,0
Donley,Spurs,FWD,0.0,45,0.0,0,2,0.3,3.0,0.0,0.0,7260,5516,0
Brooking,Chelsea,DEF,0.0,40,0.0,0,0,0.0,0.0,0.0,0.0,1528,1238,0
Raymond,Crystal Palace,MID,0.0,45,0.0,0,0,0.0,0.0,0.0,0.0,689,498,0
Kim Ji-Soo,Brentford,DEF,0.0,40,0.0,0,0,0.0,0.0,0.0,0.0,3174,2460,0
Chambers,Liverpool,DEF,0.0,40,0.0,0,0,0.0,0.0,0.0,0.0,2003,1555,0
Townsend,Luton,MID,2.0,50,0.2,2,41,39.7,139.6,165.2,93.0,42957,22603,3
Scanlon,Liverpool,DEF,0.0,39,0.0,0,0,0.0,0.0,0.0,0.0,890,711,0
Luker,Luton,MID,0.0,45,0.0,0,0,0.0,0.0,0.0,0.0,768,580,0
Oné,Sheffield Utd,MID,0.0,45,0.0,0,1,0.0,0.0,0.3,0.0,431,331,0
Buyabu,Sheffield Utd,DEF,0.0,40,0.0,0,0,0.0,0.0,0.0,0.0,1390,985,0
Tanton,Fulham,DEF,0.0,40,0.0,0,0,0.0,0.0,0.0,0.0,1485,998,0
Adedokun,Brentford,DEF,0.0,40,0.0,0,0,0.0,0.0,0.0,0.0,2509,1360,0
Nelson,Luton,MID,0.0,45,0.0,0,0,0.0,0.0,0.0,0.0,871,634,0
Sagoe,Arsenal,MID,0.0,45,0.0,0,0,0.0,0.0,0.0,0.0,597,431,0
Walters,Arsenal,DEF,0.0,40,0.0,0,0,0.0,0.0,0.0,0.0,2529,1593,0
Ibrahim,Arsenal,MID,0.0,45,0.0,0,0,0.0,0.0,0.0,0.0,522,386,0
Diallo,Newcastle,MID,0.0,45,0.0,0,1,0.0,0.0,0.0,0.0,903,566,0
Parkinson,Newcastle,FWD,0.0,45,0.0,0,1,0.2,2.0,0.0,0.0,3552,2531,0
Dorrington,Spurs,DEF,0.0,40,0.0,0,0,0.0,0.0,0.0,0.0,1560,1026,0
O’Mahony,Brighton,FWD,0.0,45,0.0,0,0,0.0,0.0,0.0,0.0,3526,2470,0
Baker-Boaitey,Brighton,MID,0.0,45,0.0,0,2,0.4,3.6,1.0,0.0,563,360,0
Nyoni,Liverpool,MID,0.0,45,0.0,0,0,0.0,0.0,0.0,0.0,150,118,0
Peart-Harris,Brentford,MID,0.3,45,0.0,0,3,1.5,2.2,10.9,2.0,198,153,0
Ndiweni,Newcastle,FWD,0.0,44,0.0,0,1,0.0,0.2,0.0,0.0,2140,1476,0
Jackson,Brighton,DEF,0.0,40,0.0,0,0,0.0,0.0,0.0,0.0,2361,1265,0
Duffus,Brighton,MID,0.0,44,0.0,0,0,0.0,0.0,0.0,0.0,335,225,0
Hugill,Man Utd,FWD,0.0,45,0.0,0,0,0.0,0.0,0.0,0.0,1277,1017,0
Whittingham,Wolves,MID,0.0,45,0.0,0,0,0.0,0.0,0.0,0.0,254,181,0
Chirewa,Wolves,MID,0.0,44,0.0,0,0,0.0,0.0,0.0,0.0,456,328,0
Hubner,Wolves,DEF,0.0,40,0.0,0,0,0.0,0.0,0.0,0.0,2114,1271,0
Angelini,Brentford,GK,0.0,40,0.0,0,0,0.0,0.0,0.0,0.0,677,354,0
Kavanagh,Brighton,DEF,0.0,40,0.0,0,0,0.0,0.0,0.0,0.0,533,365,0
Yago Santiago,Spurs,MID,0.0,45,0.0,0,0,0.0,0.0,0.0,0.0,273,168,0
Barrington,Brighton,MID,0.0,45,0.0,0,0,0.0,0.0,0.0,0.0,199,125,0
Pitaluga,Liverpool,GK,0.0,40,0.0,0,0,0.0,0.0,0.0,0.0,132,120,0
Bradley,Liverpool,DEF,2.0,40,0.1,8,8,7.3,28.6,15.9,28.0,10896,1892,0
Castledine,Chelsea,MID,0.0,45,0.0,0,0,0.0,0.0,0.0,0.0,154,107,0
Peck,Sheffield Utd,MID,0.0,44,0.0,0,1,0.0,0.0,0.1,0.0,110,70,0
Metcalfe,Everton,MID,0.0,45,0.0,0,0,0.0,0.0,0.0,0.0,64,41,0
Campbell,Everton,DEF,0.0,40,0.0,0,0,0.0,0.0,0.0,0.0,512,210,0
Susoho,Man City,MID,0.0,45,0.0,0,0,0.0,0.0,0.0,0.0,71,44,0
Adaramola,Crystal Palace,DEF,0.0,40,0.0,0,0,0.0,0.0,0.0,0.0,821,342,0
Lewis-Skelly,Arsenal,MID,0.0,45,0.0,0,0,0.0,0.0,0.0,0.0,42,24,0
Proctor,Aston Villa,GK,0.0,40,0.0,0,0,0.0,0.0,0.0,0.0,190,93,0
Kambwala,Man Utd,DEF,0.3,40,0.0,0,2,1.9,18.0,1.4,0.0,764,379,0
O'Reilly,Aston Villa,MID,0.0,45,0.0,0,0,0.0,0.0,0.0,0.0,140,62,0
Bennett,Man Utd,DEF,0.0,40,0.0,0,0,0.0,0.0,0.0,0.0,160,92,0
Hesketh,Wolves,MID,0.0,45,0.0,0,0,0.0,0.0,0.0,0.0,76,45,0
Barnett,Wolves,MID,0.0,45,0.0,0,0,0.0,0.0,0.0,0.0,311,137,0
Hamilton,Man City,MID,0.0,45,0.0,0,0,0.0,0.0,0.0,0.0,66,34,0
Nwaneri,Arsenal,MID,0.0,45,0.0,0,0,0.0,0.0,0.0,0.0,35,10,0
Orford,West Ham,MID,0.0,45,0.0,0,0,0.0,0.0,0.0,0.0,36,14,0
Casey,West Ham,DEF,0.0,40,0.0,0,0,0.0,0.0,0.0,0.0,251,51,0
Brereton Díaz,Sheffield Utd,MID,7.0,50,0.0,7,7,10.3,37.0,12.7,53.0,3237,586,0
Werner,Spurs,FWD,5.0,65,0.7,5,5,5.7,11.2,15.1,31.0,88247,13494,0
Drăgușin,Spurs,DEF,1.0,45,0.1,1,1,0.4,3.8,0.2,0.0,5507,545,0
Wright,Aston Villa,GK,0.0,40,0.0,0,0,0.0,0.0,0.0,0.0,22,3,0
McDonnell,Nott'm Forest,MID,0.0,45,0.0,0,0,0.0,0.0,0.0,0.0,2,0,0
Osong,Nott'm Forest,FWD,0.0,45,0.0,0,0,0.0,0.0,0.0,0.0,6,0,0
Gardner,Nott'm Forest,FWD,0.0,45,0.0,0,0,0.0,0.0,0.0,0.0,5,1,0
Beck,Liverpool,DEF,1.0,45,0.0,1,1,0.5,5.0,0.3,0.0,13,1,0
Gordon,Liverpool,MID,1.0,45,0.0,1,1,0.3,0.2,0.3,2.0,1,0,0
Scarles,West Ham,DEF,0.0,40,0.0,0,0,0.0,0.0,0.0,0.0,4,1,0
Marshall,West Ham,FWD,0.0,45,0.0,0,0,0.0,0.0,0.0,0.0,5,0,0
